{
  "case_set_version": "f10f-2026-07-22",
  "metrics": {
    "bo_regret": 3.4000000000000057,
    "e_factor": 35.37689393939394,
    "pmi": 36.37689393939394,
    "precision": 0.6666666666666666,
    "recall": 0.6666666666666666,
    "f1": 0.6666666666666666,
    "prediction_error": 0.4869000000000001
  }
}
